{"cameraMode":{"drawMode":0,"name":"Shaded","section":"Shading Mode"},"sceneLighting":false,"audioPlay":false,"sceneViewState":{"m_AlwaysRefresh":false,"showFog":true,"showSkybox":false,"showFlares":true,"showImageEffects":true,"showParticleSystems":true,"showVisualEffectGraphs":true,"m_FxEnabled":true},"in2DMode":false,"pivot":{"x":0.35679054260253909,"y":1.1516000032424927,"z":-0.799159049987793},"rotation":{"x":0.10598430782556534,"y":-0.7592489719390869,"z":0.12781596183776856,"w":0.6293063163757324},"size":4.699710369110107,"orthographic":false}