{"cameraMode":{"drawMode":0,"name":"Shaded","section":"Shading Mode"},"sceneLighting":true,"audioPlay":false,"sceneViewState":{"m_AlwaysRefresh":false,"showFog":true,"showSkybox":true,"showFlares":true,"showImageEffects":true,"showParticleSystems":true,"showVisualEffectGraphs":true,"m_FxEnabled":true},"in2DMode":false,"pivot":{"x":0.24014225602149964,"y":9.038887023925782,"z":8.680386543273926},"rotation":{"x":-0.004384739324450493,"y":-0.9846851229667664,"z":0.17339451611042024,"w":-0.023954298347234727},"size":0.8627817034721375,"orthographic":false}