{"cameraMode":{"drawMode":0,"name":"Shaded","section":"Shading Mode"},"sceneLighting":true,"audioPlay":false,"sceneViewState":{"m_AlwaysRefresh":false,"showFog":true,"showSkybox":true,"showFlares":true,"showImageEffects":true,"showParticleSystems":true,"showVisualEffectGraphs":true,"m_FxEnabled":true},"in2DMode":false,"pivot":{"x":2.6221156120300295,"y":1.9000309705734254,"z":-10.051568031311036},"rotation":{"x":-0.043183956295251849,"y":-0.002151098335161805,"z":0.00004604675996233709,"w":0.9991952776908875},"size":0.8660253882408142,"orthographic":false}