{"cameraMode":{"drawMode":0,"name":"Shaded","section":"Shading Mode"},"sceneLighting":false,"audioPlay":false,"sceneViewState":{"m_AlwaysRefresh":false,"showFog":true,"showSkybox":false,"showFlares":true,"showImageEffects":true,"showParticleSystems":true,"showVisualEffectGraphs":true,"m_FxEnabled":true},"in2DMode":false,"pivot":{"x":-0.11151814460754395,"y":0.12454299628734589,"z":0.4872121810913086},"rotation":{"x":0.13582396507263184,"y":-0.6622486114501953,"z":0.12377815693616867,"w":0.7264392375946045},"size":4.928314208984375,"orthographic":false}